-- phpMyAdmin SQL Dump
-- version 4.5.1
-- http://www.phpmyadmin.net
--
-- 主機: 127.0.0.1
-- 產生時間： 2016-06-12 11:46:17
-- 伺服器版本: 10.1.10-MariaDB
-- PHP 版本： 5.6.19

SET SQL_MODE = "NO_AUTO_VALUE_ON_ZERO";
SET time_zone = "+00:00";


/*!40101 SET @OLD_CHARACTER_SET_CLIENT=@@CHARACTER_SET_CLIENT */;
/*!40101 SET @OLD_CHARACTER_SET_RESULTS=@@CHARACTER_SET_RESULTS */;
/*!40101 SET @OLD_COLLATION_CONNECTION=@@COLLATION_CONNECTION */;
/*!40101 SET NAMES utf8mb4 */;

--
-- 資料庫： `db`
--

-- --------------------------------------------------------

--
-- 資料表結構 `administrator_t`
--

CREATE TABLE `administrator_t` (
  `A_ID` varchar(10) NOT NULL DEFAULT '',
  `A_Name` varchar(30) NOT NULL DEFAULT '',
  `Department` varchar(30) NOT NULL DEFAULT ''
) ENGINE=InnoDB DEFAULT CHARSET=utf8;

--
-- 資料表的匯出資料 `administrator_t`
--

INSERT INTO `administrator_t` (`A_ID`, `A_Name`, `Department`) VALUES
('300300300', '老師', '學務處課外組');

-- --------------------------------------------------------

--
-- 資料表結構 `employeeuser_t`
--

CREATE TABLE `employeeuser_t` (
  `E_User_ID` varchar(9) NOT NULL DEFAULT ''
) ENGINE=InnoDB DEFAULT CHARSET=utf8;

-- --------------------------------------------------------

--
-- 資料表結構 `facility`
--

CREATE TABLE `facility` (
  `department` varchar(20) NOT NULL,
  `capacity` int(255) NOT NULL
) ENGINE=InnoDB DEFAULT CHARSET=utf8;

--
-- 資料表的匯出資料 `facility`
--

INSERT INTO `facility` (`department`, `capacity`) VALUES
('資管系', 120),
('新聞系', 500);

-- --------------------------------------------------------

--
-- 資料表結構 `facilitytime_t`
--

CREATE TABLE `facilitytime_t` (
  `F_ID` varchar(25) NOT NULL DEFAULT '',
  `Date` date NOT NULL,
  `Time` time NOT NULL,
  `Available` int(1) DEFAULT NULL
) ENGINE=InnoDB DEFAULT CHARSET=utf8;

--
-- 資料表的匯出資料 `facilitytime_t`
--

INSERT INTO `facilitytime_t` (`F_ID`, `Date`, `Time`, `Available`) VALUES
('215', '2016-06-09', '01:00:00', 1),
('215', '2016-06-09', '02:00:00', 1),
('215', '2016-06-09', '03:00:00', 0),
('215', '2016-06-09', '04:00:00', 0),
('215', '2016-06-09', '05:00:00', 0),
('215', '2016-06-09', '06:00:00', 0),
('215', '2016-06-09', '07:00:00', 0),
('215', '2016-06-09', '08:00:00', 0),
('215', '2016-06-09', '09:00:00', 0),
('215', '2016-06-09', '10:00:00', 0),
('215', '2016-06-09', '11:00:00', 0),
('215', '2016-06-09', '12:00:00', 0),
('215', '2016-06-09', '13:00:00', 0),
('215', '2016-06-09', '14:00:00', 0),
('215', '2016-06-09', '15:00:00', 0),
('215', '2016-06-09', '16:00:00', 0),
('215', '2016-06-09', '17:00:00', 0),
('215', '2016-06-09', '18:00:00', 0),
('215', '2016-06-09', '19:00:00', 0),
('215', '2016-06-09', '20:00:00', 0),
('215', '2016-06-09', '21:00:00', 0),
('215', '2016-06-09', '22:00:00', 0),
('215', '2016-06-09', '23:00:00', 0),
('215', '2016-06-10', '00:00:00', 0),
('215', '2016-06-10', '01:00:00', 0),
('215', '2016-06-10', '02:00:00', 0),
('215', '2016-06-10', '03:00:00', 0),
('215', '2016-06-10', '04:00:00', 0),
('215', '2016-06-10', '05:00:00', 0),
('215', '2016-06-10', '06:00:00', 0),
('215', '2016-06-10', '07:00:00', 0),
('215', '2016-06-10', '08:00:00', 0),
('215', '2016-06-10', '09:00:00', 0),
('215', '2016-06-10', '10:00:00', 0),
('215', '2016-06-10', '11:00:00', 0),
('215', '2016-06-10', '12:00:00', 0),
('215', '2016-06-10', '13:00:00', 0),
('215', '2016-06-10', '14:00:00', 0),
('215', '2016-06-10', '15:00:00', 0),
('215', '2016-06-10', '16:00:00', 0),
('215', '2016-06-10', '17:00:00', 0),
('215', '2016-06-10', '18:00:00', 0),
('215', '2016-06-10', '19:00:00', 0),
('215', '2016-06-10', '20:00:00', 0),
('215', '2016-06-10', '21:00:00', 0),
('215', '2016-06-10', '22:00:00', 0),
('215', '2016-06-10', '23:00:00', 0),
('215', '2016-06-11', '00:00:00', 0),
('215', '2016-06-11', '01:00:00', 0),
('215', '2016-06-11', '02:00:00', 0),
('215', '2016-06-11', '03:00:00', 0),
('215', '2016-06-11', '04:00:00', 0),
('215', '2016-06-11', '05:00:00', 0),
('215', '2016-06-11', '06:00:00', 0),
('215', '2016-06-11', '07:00:00', 0),
('215', '2016-06-11', '08:00:00', 0),
('215', '2016-06-11', '09:00:00', 0),
('215', '2016-06-11', '10:00:00', 0),
('215', '2016-06-11', '11:00:00', 0),
('215', '2016-06-11', '12:00:00', 0),
('215', '2016-06-11', '13:00:00', 0),
('215', '2016-06-11', '14:00:00', 0),
('215', '2016-06-11', '15:00:00', 0),
('215', '2016-06-11', '16:00:00', 0),
('215', '2016-06-11', '17:00:00', 0),
('215', '2016-06-11', '18:00:00', 0),
('215', '2016-06-11', '19:00:00', 0),
('215', '2016-06-11', '20:00:00', 0),
('215', '2016-06-11', '21:00:00', 0),
('215', '2016-06-11', '22:00:00', 0),
('215', '2016-06-11', '23:00:00', 0),
('216', '2016-06-09', '00:00:00', 0),
('216', '2016-06-09', '01:00:00', 1),
('216', '2016-06-09', '02:00:00', 1),
('216', '2016-06-09', '03:00:00', 0),
('216', '2016-06-09', '04:00:00', 0),
('216', '2016-06-09', '05:00:00', 0),
('216', '2016-06-09', '06:00:00', 0),
('216', '2016-06-09', '07:00:00', 0),
('216', '2016-06-09', '08:00:00', 0),
('216', '2016-06-09', '09:00:00', 0),
('216', '2016-06-09', '10:00:00', 0),
('216', '2016-06-09', '11:00:00', 0),
('216', '2016-06-09', '12:00:00', 0),
('216', '2016-06-09', '13:00:00', 0),
('216', '2016-06-09', '14:00:00', 0),
('216', '2016-06-09', '15:00:00', 0),
('216', '2016-06-09', '16:00:00', 0),
('216', '2016-06-09', '17:00:00', 0),
('216', '2016-06-09', '18:00:00', 0),
('216', '2016-06-09', '19:00:00', 0),
('216', '2016-06-09', '20:00:00', 0),
('216', '2016-06-09', '21:00:00', 0),
('216', '2016-06-09', '22:00:00', 0),
('216', '2016-06-09', '23:00:00', 0),
('216', '2016-06-10', '00:00:00', 0),
('216', '2016-06-10', '01:00:00', 0),
('216', '2016-06-10', '02:00:00', 0),
('216', '2016-06-10', '03:00:00', 0),
('216', '2016-06-10', '04:00:00', 0),
('216', '2016-06-10', '05:00:00', 0),
('216', '2016-06-10', '06:00:00', 0),
('216', '2016-06-10', '07:00:00', 0),
('216', '2016-06-10', '08:00:00', 0),
('216', '2016-06-10', '09:00:00', 0),
('216', '2016-06-10', '10:00:00', 0),
('216', '2016-06-10', '11:00:00', 0),
('216', '2016-06-10', '12:00:00', 0),
('216', '2016-06-10', '13:00:00', 0),
('216', '2016-06-10', '14:00:00', 0),
('216', '2016-06-10', '15:00:00', 0),
('216', '2016-06-10', '16:00:00', 0),
('216', '2016-06-10', '17:00:00', 0),
('216', '2016-06-10', '18:00:00', 0),
('216', '2016-06-10', '19:00:00', 0),
('216', '2016-06-10', '20:00:00', 0),
('216', '2016-06-10', '21:00:00', 0),
('216', '2016-06-10', '22:00:00', 0),
('216', '2016-06-10', '23:00:00', 0),
('216', '2016-06-11', '00:00:00', 0),
('216', '2016-06-11', '01:00:00', 0),
('216', '2016-06-11', '02:00:00', 0),
('216', '2016-06-11', '03:00:00', 0),
('216', '2016-06-11', '04:00:00', 0),
('216', '2016-06-11', '05:00:00', 0),
('216', '2016-06-11', '06:00:00', 0),
('216', '2016-06-11', '07:00:00', 0),
('216', '2016-06-11', '08:00:00', 0),
('216', '2016-06-11', '09:00:00', 0),
('216', '2016-06-11', '10:00:00', 0),
('216', '2016-06-11', '11:00:00', 0),
('216', '2016-06-11', '12:00:00', 0),
('216', '2016-06-11', '13:00:00', 0),
('216', '2016-06-11', '14:00:00', 0),
('216', '2016-06-11', '15:00:00', 0),
('216', '2016-06-11', '16:00:00', 0),
('216', '2016-06-11', '17:00:00', 0),
('216', '2016-06-11', '18:00:00', 0),
('216', '2016-06-11', '19:00:00', 0),
('216', '2016-06-11', '20:00:00', 0),
('216', '2016-06-11', '21:00:00', 0),
('216', '2016-06-11', '22:00:00', 0),
('216', '2016-06-11', '23:00:00', 0),
('217', '2016-06-09', '00:00:00', 0),
('217', '2016-06-09', '01:00:00', 0),
('217', '2016-06-09', '02:00:00', 0),
('217', '2016-06-09', '03:00:00', 0),
('217', '2016-06-09', '04:00:00', 0),
('217', '2016-06-09', '05:00:00', 0),
('217', '2016-06-09', '06:00:00', 0),
('217', '2016-06-09', '07:00:00', 0),
('217', '2016-06-09', '08:00:00', 0),
('217', '2016-06-09', '09:00:00', 0),
('217', '2016-06-09', '10:00:00', 0),
('217', '2016-06-09', '11:00:00', 0),
('217', '2016-06-09', '12:00:00', 0),
('217', '2016-06-09', '13:00:00', 0),
('217', '2016-06-09', '14:00:00', 0),
('217', '2016-06-09', '15:00:00', 0),
('217', '2016-06-09', '16:00:00', 0),
('217', '2016-06-09', '17:00:00', 0),
('217', '2016-06-09', '18:00:00', 0),
('217', '2016-06-09', '19:00:00', 0),
('217', '2016-06-09', '20:00:00', 0),
('217', '2016-06-09', '21:00:00', 0),
('217', '2016-06-09', '22:00:00', 0),
('217', '2016-06-09', '23:00:00', 0),
('217', '2016-06-10', '00:00:00', 0),
('217', '2016-06-10', '01:00:00', 0),
('217', '2016-06-10', '02:00:00', 0),
('217', '2016-06-10', '03:00:00', 0),
('217', '2016-06-10', '04:00:00', 0),
('217', '2016-06-10', '05:00:00', 0),
('217', '2016-06-10', '06:00:00', 0),
('217', '2016-06-10', '07:00:00', 0),
('217', '2016-06-10', '08:00:00', 0),
('217', '2016-06-10', '09:00:00', 0),
('217', '2016-06-10', '10:00:00', 0),
('217', '2016-06-10', '11:00:00', 0),
('217', '2016-06-10', '12:00:00', 0),
('217', '2016-06-10', '13:00:00', 0),
('217', '2016-06-10', '14:00:00', 0),
('217', '2016-06-10', '15:00:00', 0),
('217', '2016-06-10', '16:00:00', 0),
('217', '2016-06-10', '17:00:00', 0),
('217', '2016-06-10', '18:00:00', 0),
('217', '2016-06-10', '19:00:00', 0),
('217', '2016-06-10', '20:00:00', 0),
('217', '2016-06-10', '21:00:00', 0),
('217', '2016-06-10', '22:00:00', 0),
('217', '2016-06-10', '23:00:00', 0),
('217', '2016-06-11', '00:00:00', 0),
('217', '2016-06-11', '01:00:00', 0),
('217', '2016-06-11', '02:00:00', 0),
('217', '2016-06-11', '03:00:00', 0),
('217', '2016-06-11', '04:00:00', 0),
('217', '2016-06-11', '05:00:00', 0),
('217', '2016-06-11', '06:00:00', 0),
('217', '2016-06-11', '07:00:00', 0),
('217', '2016-06-11', '08:00:00', 0),
('217', '2016-06-11', '09:00:00', 0),
('217', '2016-06-11', '10:00:00', 0),
('217', '2016-06-11', '11:00:00', 0),
('217', '2016-06-11', '12:00:00', 0),
('217', '2016-06-11', '13:00:00', 0),
('217', '2016-06-11', '14:00:00', 0),
('217', '2016-06-11', '15:00:00', 0),
('217', '2016-06-11', '16:00:00', 0),
('217', '2016-06-11', '17:00:00', 0),
('217', '2016-06-11', '18:00:00', 0),
('217', '2016-06-11', '19:00:00', 0),
('217', '2016-06-11', '20:00:00', 0),
('217', '2016-06-11', '21:00:00', 0),
('217', '2016-06-11', '22:00:00', 0),
('217', '2016-06-11', '23:00:00', 0),
('218', '2016-06-09', '00:00:00', 0),
('218', '2016-06-09', '01:00:00', 0),
('218', '2016-06-09', '02:00:00', 0),
('218', '2016-06-09', '03:00:00', 0),
('218', '2016-06-09', '04:00:00', 0),
('218', '2016-06-09', '05:00:00', 0),
('218', '2016-06-09', '06:00:00', 0),
('218', '2016-06-09', '07:00:00', 0),
('218', '2016-06-09', '08:00:00', 0),
('218', '2016-06-09', '09:00:00', 0),
('218', '2016-06-09', '10:00:00', 0),
('218', '2016-06-09', '11:00:00', 0),
('218', '2016-06-09', '12:00:00', 0),
('218', '2016-06-09', '13:00:00', 0),
('218', '2016-06-09', '14:00:00', 0),
('218', '2016-06-09', '15:00:00', 0),
('218', '2016-06-09', '16:00:00', 0),
('218', '2016-06-09', '17:00:00', 0),
('218', '2016-06-09', '18:00:00', 0),
('218', '2016-06-09', '19:00:00', 0),
('218', '2016-06-09', '20:00:00', 0),
('218', '2016-06-09', '21:00:00', 0),
('218', '2016-06-09', '22:00:00', 0),
('218', '2016-06-09', '23:00:00', 0),
('218', '2016-06-10', '00:00:00', 0),
('218', '2016-06-10', '01:00:00', 0),
('218', '2016-06-10', '02:00:00', 0),
('218', '2016-06-10', '03:00:00', 0),
('218', '2016-06-10', '04:00:00', 0),
('218', '2016-06-10', '05:00:00', 0),
('218', '2016-06-10', '06:00:00', 0),
('218', '2016-06-10', '07:00:00', 0),
('218', '2016-06-10', '08:00:00', 0),
('218', '2016-06-10', '09:00:00', 0),
('218', '2016-06-10', '10:00:00', 0),
('218', '2016-06-10', '11:00:00', 0),
('218', '2016-06-10', '12:00:00', 0),
('218', '2016-06-10', '13:00:00', 0),
('218', '2016-06-10', '14:00:00', 0),
('218', '2016-06-10', '15:00:00', 0),
('218', '2016-06-10', '16:00:00', 0),
('218', '2016-06-10', '17:00:00', 0),
('218', '2016-06-10', '18:00:00', 0),
('218', '2016-06-10', '19:00:00', 0),
('218', '2016-06-10', '20:00:00', 0),
('218', '2016-06-10', '21:00:00', 0),
('218', '2016-06-10', '22:00:00', 0),
('218', '2016-06-10', '23:00:00', 0),
('218', '2016-06-11', '00:00:00', 0),
('218', '2016-06-11', '01:00:00', 0),
('218', '2016-06-11', '02:00:00', 0),
('218', '2016-06-11', '03:00:00', 0),
('218', '2016-06-11', '04:00:00', 0),
('218', '2016-06-11', '05:00:00', 0),
('218', '2016-06-11', '06:00:00', 0),
('218', '2016-06-11', '07:00:00', 0),
('218', '2016-06-11', '08:00:00', 0),
('218', '2016-06-11', '09:00:00', 0),
('218', '2016-06-11', '10:00:00', 0),
('218', '2016-06-11', '11:00:00', 0),
('218', '2016-06-11', '12:00:00', 0),
('218', '2016-06-11', '13:00:00', 0),
('218', '2016-06-11', '14:00:00', 0),
('218', '2016-06-11', '15:00:00', 0),
('218', '2016-06-11', '16:00:00', 0),
('218', '2016-06-11', '17:00:00', 0),
('218', '2016-06-11', '18:00:00', 0),
('218', '2016-06-11', '19:00:00', 0),
('218', '2016-06-11', '20:00:00', 0),
('218', '2016-06-11', '21:00:00', 0),
('218', '2016-06-11', '22:00:00', 0),
('218', '2016-06-11', '23:00:00', 0);

-- --------------------------------------------------------

--
-- 資料表結構 `facilityusedtime_t`
--

CREATE TABLE `facilityusedtime_t` (
  `FA_Number` varchar(20) NOT NULL DEFAULT '',
  `F_ID` varchar(6) NOT NULL DEFAULT '',
  `Date` date NOT NULL,
  `Time` time NOT NULL
) ENGINE=InnoDB DEFAULT CHARSET=utf8;

-- --------------------------------------------------------

--
-- 資料表結構 `facilityused_t`
--

CREATE TABLE `facilityused_t` (
  `FA_Number` varchar(20) NOT NULL DEFAULT '',
  `User_ID` varchar(9) NOT NULL DEFAULT '',
  `F_ID` varchar(6) NOT NULL DEFAULT '',
  `Borrowing_Unit` varchar(30) NOT NULL DEFAULT '',
  `Email` varchar(40) NOT NULL DEFAULT '',
  `Phone` varchar(10) NOT NULL DEFAULT ''
) ENGINE=InnoDB DEFAULT CHARSET=utf8;

-- --------------------------------------------------------

--
-- 資料表結構 `facility_t`
--

CREATE TABLE `facility_t` (
  `F_ID` varchar(6) NOT NULL DEFAULT '',
  `F_B_Number` varchar(6) NOT NULL DEFAULT '',
  `F_R_Number` varchar(6) NOT NULL DEFAULT '',
  `F_NAME` varchar(30) NOT NULL DEFAULT '',
  `F_Level` varchar(20) NOT NULL DEFAULT '',
  `Capacity` int(4) NOT NULL,
  `Management_Unit` varchar(30) NOT NULL DEFAULT '',
  `Maintainer_ID` varchar(10) DEFAULT '',
  `F_B_Name` varchar(20) NOT NULL
) ENGINE=InnoDB DEFAULT CHARSET=utf8;

--
-- 資料表的匯出資料 `facility_t`
--

INSERT INTO `facility_t` (`F_ID`, `F_B_Number`, `F_R_Number`, `F_NAME`, `F_Level`, `Capacity`, `Management_Unit`, `Maintainer_ID`, `F_B_Name`) VALUES
('215', '270', '101', '綜合270101', 'C', 100, '總務處事務組', '300300300', '綜合院館 '),
('216', '270', '102', '綜合270102', 'C', 120, '總務處事務組', '300300300', '綜合院館'),
('217', '270', '103', '綜合270103', 'C', 30, '總務處事務組', '300300300', '大勇樓'),
('218', '270', '104', '綜合270104', 'C', 50, '總務處事務組', '300300300', '綜合院館 ');

-- --------------------------------------------------------

--
-- 資料表結構 `studentuser_t`
--

CREATE TABLE `studentuser_t` (
  `S_USER_ID` varchar(9) NOT NULL DEFAULT '',
  `Qualified` date DEFAULT NULL
) ENGINE=InnoDB DEFAULT CHARSET=utf8;

--
-- 資料表的匯出資料 `studentuser_t`
--

INSERT INTO `studentuser_t` (`S_USER_ID`, `Qualified`) VALUES
('103306084', '2015-09-20');

-- --------------------------------------------------------

--
-- 資料表結構 `user_t`
--

CREATE TABLE `user_t` (
  `User_ID` varchar(9) NOT NULL DEFAULT '',
  `User_Name` varchar(30) NOT NULL DEFAULT '',
  `Department` varchar(30) NOT NULL DEFAULT '',
  `User_Type` varchar(10) NOT NULL DEFAULT '',
  `Password` varchar(30) NOT NULL DEFAULT ''
) ENGINE=InnoDB DEFAULT CHARSET=utf8;

--
-- 資料表的匯出資料 `user_t`
--

INSERT INTO `user_t` (`User_ID`, `User_Name`, `Department`, `User_Type`, `Password`) VALUES
('103306084', '杜彥豪', '資管系', 'S', '103306084'),
('300300300', '老師', '學務處事務組', 'E', '300300300');

--
-- 已匯出資料表的索引
--

--
-- 資料表索引 `administrator_t`
--
ALTER TABLE `administrator_t`
  ADD PRIMARY KEY (`A_ID`);

--
-- 資料表索引 `employeeuser_t`
--
ALTER TABLE `employeeuser_t`
  ADD PRIMARY KEY (`E_User_ID`);

--
-- 資料表索引 `facilitytime_t`
--
ALTER TABLE `facilitytime_t`
  ADD KEY `Date` (`Date`),
  ADD KEY `Time` (`Time`);

--
-- 資料表索引 `facilityusedtime_t`
--
ALTER TABLE `facilityusedtime_t`
  ADD PRIMARY KEY (`FA_Number`),
  ADD KEY `F_ID` (`F_ID`),
  ADD KEY `Time` (`Time`),
  ADD KEY `Date` (`Date`);

--
-- 資料表索引 `facilityused_t`
--
ALTER TABLE `facilityused_t`
  ADD PRIMARY KEY (`FA_Number`,`User_ID`,`F_ID`),
  ADD KEY `User_ID` (`User_ID`),
  ADD KEY `F_ID` (`F_ID`);

--
-- 資料表索引 `facility_t`
--
ALTER TABLE `facility_t`
  ADD PRIMARY KEY (`F_ID`),
  ADD KEY `Maintainer_ID` (`Maintainer_ID`);

--
-- 資料表索引 `studentuser_t`
--
ALTER TABLE `studentuser_t`
  ADD PRIMARY KEY (`S_USER_ID`);

--
-- 資料表索引 `user_t`
--
ALTER TABLE `user_t`
  ADD PRIMARY KEY (`User_ID`);

--
-- 已匯出資料表的限制(Constraint)
--

--
-- 資料表的 Constraints `employeeuser_t`
--
ALTER TABLE `employeeuser_t`
  ADD CONSTRAINT `employeeuser_t_ibfk_1` FOREIGN KEY (`E_User_ID`) REFERENCES `user_t` (`User_ID`) ON DELETE CASCADE ON UPDATE CASCADE;

--
-- 資料表的 Constraints `facilityusedtime_t`
--
ALTER TABLE `facilityusedtime_t`
  ADD CONSTRAINT `facilityusedtime_t_ibfk_1` FOREIGN KEY (`FA_Number`) REFERENCES `facilityused_t` (`FA_Number`) ON DELETE CASCADE,
  ADD CONSTRAINT `facilityusedtime_t_ibfk_4` FOREIGN KEY (`Date`) REFERENCES `facilitytime_t` (`Date`) ON DELETE CASCADE,
  ADD CONSTRAINT `facilityusedtime_t_ibfk_5` FOREIGN KEY (`Time`) REFERENCES `facilitytime_t` (`Time`),
  ADD CONSTRAINT `facilityusedtime_t_ibfk_6` FOREIGN KEY (`Date`) REFERENCES `facilitytime_t` (`Date`);

--
-- 資料表的 Constraints `facilityused_t`
--
ALTER TABLE `facilityused_t`
  ADD CONSTRAINT `facilityused_t_ibfk_1` FOREIGN KEY (`User_ID`) REFERENCES `user_t` (`User_ID`),
  ADD CONSTRAINT `facilityused_t_ibfk_2` FOREIGN KEY (`F_ID`) REFERENCES `facility_t` (`F_ID`);

--
-- 資料表的 Constraints `facility_t`
--
ALTER TABLE `facility_t`
  ADD CONSTRAINT `facility_t_ibfk_1` FOREIGN KEY (`Maintainer_ID`) REFERENCES `administrator_t` (`A_ID`);

--
-- 資料表的 Constraints `studentuser_t`
--
ALTER TABLE `studentuser_t`
  ADD CONSTRAINT `studentuser_t_ibfk_1` FOREIGN KEY (`S_USER_ID`) REFERENCES `user_t` (`User_ID`) ON DELETE CASCADE ON UPDATE CASCADE;

/*!40101 SET CHARACTER_SET_CLIENT=@OLD_CHARACTER_SET_CLIENT */;
/*!40101 SET CHARACTER_SET_RESULTS=@OLD_CHARACTER_SET_RESULTS */;
/*!40101 SET COLLATION_CONNECTION=@OLD_COLLATION_CONNECTION */;
